Wave Index,Frame Number,Center of Mass X Coord
1,41,853.0
1,41,853.0
1,42,846.0
1,42,846.0
1,43,838.0
1,43,838.0
1,44,832.0
1,44,832.0
1,45,823.0
1,45,823.0
1,46,818.0
1,46,818.0
1,47,812.0
1,47,812.0
1,48,804.0
1,48,804.0
1,49,797.0
1,49,797.0
1,50,789.0
1,50,789.0
1,51,783.0
1,51,783.0
1,52,774.0
1,52,774.0
1,53,770.0
1,53,770.0
1,54,762.0
1,54,762.0
1,55,755.0
1,55,755.0
1,56,750.0
1,56,750.0
1,57,744.0
1,57,744.0
1,58,738.0
1,58,738.0
1,59,731.0
1,59,731.0
1,60,723.0
1,60,723.0
1,61,717.0
1,61,717.0
1,62,710.0
1,62,710.0
1,63,704.0
1,63,704.0
1,64,696.0
1,64,696.0
1,65,690.0
1,65,690.0
1,66,682.0
1,66,682.0
1,67,677.0
1,67,677.0
1,68,671.0
1,68,671.0
1,69,662.0
1,69,662.0
1,70,656.0
1,70,656.0
1,71,649.0
1,71,649.0
1,72,642.0
1,72,642.0
1,73,634.0
1,73,634.0
1,74,626.0
1,74,626.0
1,75,620.0
1,75,620.0
1,76,614.0
1,76,614.0
1,77,605.0
1,77,605.0
1,78,596.0
1,78,596.0
1,79,590.0
1,79,590.0
1,80,585.0
1,80,585.0
1,81,575.0
1,81,575.0
1,82,566.0
1,82,566.0
1,83,558.0
1,83,558.0
1,84,552.0
1,84,552.0
1,85,542.0
1,85,542.0
1,86,536.0
1,86,536.0
1,87,527.0
1,87,527.0
1,88,518.0
1,88,518.0
1,89,511.0
1,89,511.0
1,90,503.0
1,90,503.0
1,91,497.0
1,91,497.0
1,92,488.0
1,92,488.0
1,93,485.0
1,93,485.0
1,94,479.0
1,94,479.0
1,95,475.0
1,95,475.0
1,96,472.0
1,96,472.0
1,97,471.0
1,97,471.0
1,98,467.0
1,98,467.0
1,99,466.0
1,99,466.0
1,100,465.0
1,100,465.0
1,101,463.0
1,101,463.0
1,102,465.0
1,102,465.0
1,103,463.0
1,103,463.0
1,104,462.0
1,104,462.0
1,105,462.0
1,105,462.0
1,106,463.0
1,106,463.0
1,107,462.0
1,107,462.0
1,108,461.0
1,108,461.0
1,109,460.0
1,109,460.0
1,110,460.0
1,110,460.0
1,111,459.0
1,111,459.0
1,112,459.0
1,112,459.0
1,113,459.0
1,113,459.0
1,114,459.0
1,114,459.0
1,115,459.0
1,115,459.0
1,116,458.0
1,116,458.0
1,117,459.0
1,117,459.0
1,118,457.0
1,118,457.0
1,119,457.0
1,119,457.0
1,120,458.0
1,120,458.0
1,121,459.0
1,121,459.0
1,122,456.0
1,122,456.0
1,123,458.0
1,123,458.0
1,124,456.0
1,124,456.0
1,125,457.0
1,125,457.0
1,126,458.0
1,126,458.0
1,127,457.0
1,127,457.0
1,128,456.0
1,128,456.0
1,129,456.0
1,129,456.0
1,130,456.0
1,130,456.0
1,131,456.0
1,131,456.0
1,132,457.0
1,132,457.0
1,133,456.0
1,133,456.0
1,134,455.0
1,134,455.0
1,135,455.0
1,135,455.0
1,136,455.0
1,136,455.0
1,137,456.0
1,137,456.0
1,138,455.0
1,138,455.0
1,139,456.0
1,139,456.0
1,140,454.0
1,140,454.0
1,141,454.0
1,141,454.0
1,142,454.0
1,142,454.0
1,143,455.0
1,143,455.0
1,144,455.0
1,144,455.0
1,145,454.0
1,145,454.0
1,146,454.0
1,146,454.0
1,147,456.0
1,147,456.0
1,148,454.0
1,148,454.0
1,149,455.0
1,149,455.0
1,150,454.0
1,150,454.0
1,151,455.0
1,151,455.0
1,152,454.0
1,152,454.0
1,153,454.0
1,153,454.0
1,154,453.0
1,154,453.0
1,155,453.0
1,155,453.0
1,156,454.0
1,156,454.0
1,157,454.0
1,157,454.0
1,158,454.0
1,158,454.0
1,159,454.0
1,159,454.0
1,160,454.0
1,160,454.0
1,161,454.0
1,161,454.0
1,162,455.0
1,162,455.0
1,163,455.0
1,163,455.0
1,164,453.0
1,164,453.0
1,165,455.0
1,165,455.0
1,166,454.0
1,166,454.0
1,167,456.0
1,167,456.0
1,168,454.0
1,168,454.0
1,169,453.0
1,169,453.0
1,170,453.0
1,170,453.0
1,171,455.0
1,171,455.0
1,172,454.0
1,172,454.0
1,173,455.0
1,173,455.0
1,174,455.0
1,174,455.0
1,175,455.0
1,175,455.0
1,176,456.0
1,176,456.0
1,177,456.0
1,177,456.0
1,178,456.0
1,178,456.0
1,179,457.0
1,179,457.0
1,180,456.0
1,180,456.0
1,181,456.0
1,181,456.0
1,182,456.0
1,182,456.0
1,183,458.0
1,183,458.0
1,184,456.0
1,184,456.0
1,185,456.0
1,185,456.0
1,186,457.0
1,186,457.0
1,187,457.0
1,187,457.0
1,188,458.0
1,188,458.0
1,189,457.0
1,189,457.0
1,190,456.0
1,190,456.0
1,191,457.0
1,191,457.0
1,192,459.0
1,192,459.0
1,193,458.0
1,193,458.0
1,194,457.0
1,194,457.0
1,195,458.0
1,195,458.0
1,196,457.0
1,196,457.0
1,197,458.0
1,197,458.0
1,198,457.0
1,198,457.0
1,199,459.0
1,199,459.0
1,200,459.0
1,200,459.0
1,201,460.0
1,201,460.0
1,202,460.0
1,202,460.0
1,203,459.0
1,203,459.0
1,204,461.0
1,204,461.0
1,205,461.0
1,205,461.0
1,206,461.0
1,206,461.0
1,207,462.0
1,207,462.0
1,208,462.0
1,208,462.0
1,209,463.0
1,209,463.0
1,210,462.0
1,210,462.0
1,211,464.0
1,211,464.0
1,212,464.0
1,212,464.0
1,213,466.0
1,213,466.0
1,214,467.0
1,214,467.0
1,215,468.0
1,215,468.0
1,216,470.0
1,216,470.0
1,217,474.0
1,217,474.0
1,218,477.0
1,218,477.0
1,219,481.0
1,219,481.0
1,220,487.0
1,220,487.0
1,221,491.0
1,221,491.0
1,222,498.0
1,222,498.0
1,223,508.0
1,223,508.0
1,224,513.0
1,224,513.0
1,225,521.0
1,225,521.0
1,226,530.0
1,226,530.0
1,227,539.0
1,227,539.0
1,228,547.0
1,228,547.0
1,229,554.0
1,229,554.0
1,230,562.0
1,230,562.0
1,231,571.0
1,231,571.0
1,232,579.0
1,232,579.0
1,233,586.0
1,233,586.0
1,234,592.0
1,234,592.0
1,235,600.0
1,235,600.0
1,236,608.0
1,236,608.0
1,237,615.0
1,237,615.0
1,238,622.0
1,238,622.0
1,239,630.0
1,239,630.0
1,240,637.0
1,240,637.0
1,241,644.0
1,241,644.0
1,242,651.0
1,242,651.0
1,243,658.0
1,243,658.0
1,244,665.0
1,244,665.0
1,245,670.0
1,245,670.0
1,246,678.0
1,246,678.0
1,247,684.0
1,247,684.0
1,248,689.0
1,248,689.0
1,249,697.0
1,249,697.0
1,250,704.0
1,250,704.0
1,251,710.0
1,251,710.0
1,252,717.0
1,252,717.0
1,253,723.0
1,253,723.0
1,254,730.0
1,254,730.0
1,255,735.0
1,255,735.0
1,256,742.0
1,256,742.0
1,257,749.0
1,257,749.0
1,258,754.0
1,258,754.0
1,259,761.0
1,259,761.0
2,41,893.0
2,41,893.0
2,42,886.0
2,42,886.0
2,43,880.0
2,43,880.0
2,44,873.0
2,44,873.0
2,45,865.0
2,45,865.0
2,46,858.0
2,46,858.0
2,47,852.0
2,47,852.0
2,48,844.0
2,48,844.0
2,49,838.0
2,49,838.0
2,50,832.0
2,50,832.0
2,51,823.0
2,51,823.0
2,52,818.0
2,52,818.0
2,53,812.0
2,53,812.0
2,54,804.0
2,54,804.0
2,55,797.0
2,55,797.0
2,56,791.0
2,56,791.0
2,57,784.0
2,57,784.0
2,58,778.0
2,58,778.0
2,59,772.0
2,59,772.0
2,60,766.0
2,60,766.0
2,61,758.0
2,61,758.0
2,62,752.0
2,62,752.0
2,63,745.0
2,63,745.0
2,64,738.0
2,64,738.0
2,65,731.0
2,65,731.0
2,66,725.0
2,66,725.0
2,67,718.0
2,67,718.0
2,68,712.0
2,68,712.0
2,69,706.0
2,69,706.0
2,70,698.0
2,70,698.0
2,71,690.0
2,71,690.0
2,72,684.0
2,72,684.0
2,73,678.0
2,73,678.0
2,74,670.0
2,74,670.0
2,75,662.0
2,75,662.0
2,76,655.0
2,76,655.0
2,77,648.0
2,77,648.0
2,78,640.0
2,78,640.0
2,79,631.0
2,79,631.0
2,80,623.0
2,80,623.0
2,81,617.0
2,81,617.0
2,82,609.0
2,82,609.0
2,83,602.0
2,83,602.0
2,84,592.0
2,84,592.0
2,85,585.0
2,85,585.0
2,86,577.0
2,86,577.0
2,87,568.0
2,87,568.0
2,88,560.0
2,88,560.0
2,89,553.0
2,89,553.0
2,90,546.0
2,90,546.0
2,91,538.0
2,91,538.0
2,92,530.0
2,92,530.0
2,93,524.0
2,93,524.0
2,94,521.0
2,94,521.0
2,95,517.0
2,95,517.0
2,96,514.0
2,96,514.0
2,97,512.0
2,97,512.0
2,98,510.0
2,98,510.0
2,99,510.0
2,99,510.0
2,100,506.0
2,100,506.0
2,101,506.0
2,101,506.0
2,102,505.0
2,102,505.0
2,103,505.0
2,103,505.0
2,104,505.0
2,104,505.0
2,105,504.0
2,105,504.0
2,106,504.0
2,106,504.0
2,107,502.0
2,107,502.0
2,108,502.0
2,108,502.0
2,109,502.0
2,109,502.0
2,110,501.0
2,110,501.0
2,111,500.0
2,111,500.0
2,112,500.0
2,112,500.0
2,113,500.0
2,113,500.0
2,114,500.0
2,114,500.0
2,115,500.0
2,115,500.0
2,116,500.0
2,116,500.0
2,117,500.0
2,117,500.0
2,118,498.0
2,118,498.0
2,119,499.0
2,119,499.0
2,120,498.0
2,120,498.0
2,121,498.0
2,121,498.0
2,122,497.0
2,122,497.0
2,123,498.0
2,123,498.0
2,124,498.0
2,124,498.0
2,125,497.0
2,125,497.0
2,126,498.0
2,126,498.0
2,127,498.0
2,127,498.0
2,128,497.0
2,128,497.0
2,129,498.0
2,129,498.0
2,130,497.0
2,130,497.0
2,131,498.0
2,131,498.0
2,132,498.0
2,132,498.0
2,133,496.0
2,133,496.0
2,134,496.0
2,134,496.0
2,135,497.0
2,135,497.0
2,136,497.0
2,136,497.0
2,137,496.0
2,137,496.0
2,138,496.0
2,138,496.0
2,139,496.0
2,139,496.0
2,140,496.0
2,140,496.0
2,141,495.0
2,141,495.0
2,142,496.0
2,142,496.0
2,143,496.0
2,143,496.0
2,144,496.0
2,144,496.0
2,145,496.0
2,145,496.0
2,146,496.0
2,146,496.0
2,147,495.0
2,147,495.0
2,148,495.0
2,148,495.0
2,149,494.0
2,149,494.0
2,150,495.0
2,150,495.0
2,151,495.0
2,151,495.0
2,152,495.0
2,152,495.0
2,153,495.0
2,153,495.0
2,154,495.0
2,154,495.0
2,155,496.0
2,155,496.0
2,156,495.0
2,156,495.0
2,157,495.0
2,157,495.0
2,158,496.0
2,158,496.0
2,159,495.0
2,159,495.0
2,160,496.0
2,160,496.0
2,161,495.0
2,161,495.0
2,162,495.0
2,162,495.0
2,163,496.0
2,163,496.0
2,164,494.0
2,164,494.0
2,165,497.0
2,165,497.0
2,166,495.0
2,166,495.0
2,167,496.0
2,167,496.0
2,168,496.0
2,168,496.0
2,169,495.0
2,169,495.0
2,170,496.0
2,170,496.0
2,171,496.0
2,171,496.0
2,172,496.0
2,172,496.0
2,173,496.0
2,173,496.0
2,174,496.0
2,174,496.0
2,175,496.0
2,175,496.0
2,176,496.0
2,176,496.0
2,177,497.0
2,177,497.0
2,178,497.0
2,178,497.0
2,179,496.0
2,179,496.0
2,180,498.0
2,180,498.0
2,181,498.0
2,181,498.0
2,182,497.0
2,182,497.0
2,183,498.0
2,183,498.0
2,184,499.0
2,184,499.0
2,185,498.0
2,185,498.0
2,186,497.0
2,186,497.0
2,187,497.0
2,187,497.0
2,188,498.0
2,188,498.0
2,189,499.0
2,189,499.0
2,190,499.0
2,190,499.0
2,191,498.0
2,191,498.0
2,192,499.0
2,192,499.0
2,193,499.0
2,193,499.0
2,194,500.0
2,194,500.0
2,195,499.0
2,195,499.0
2,196,500.0
2,196,500.0
2,197,500.0
2,197,500.0
2,198,500.0
2,198,500.0
2,199,500.0
2,199,500.0
2,200,500.0
2,200,500.0
2,201,501.0
2,201,501.0
2,202,501.0
2,202,501.0
2,203,503.0
2,203,503.0
2,204,502.0
2,204,502.0
2,205,502.0
2,205,502.0
2,206,502.0
2,206,502.0
2,207,504.0
2,207,504.0
2,208,504.0
2,208,504.0
2,209,505.0
2,209,505.0
2,210,505.0
2,210,505.0
2,211,506.0
2,211,506.0
2,212,507.0
2,212,507.0
2,213,508.0
2,213,508.0
2,214,510.0
2,214,510.0
2,215,512.0
2,215,512.0
2,216,513.0
2,216,513.0
2,217,515.0
2,217,515.0
2,218,518.0
2,218,518.0
2,219,523.0
2,219,523.0
2,220,526.0
2,220,526.0
2,221,532.0
2,221,532.0
2,222,540.0
2,222,540.0
2,223,548.0
2,223,548.0
2,224,556.0
2,224,556.0
2,225,564.0
2,225,564.0
2,226,572.0
2,226,572.0
2,227,580.0
2,227,580.0
2,228,589.0
2,228,589.0
2,229,596.0
2,229,596.0
2,230,604.0
2,230,604.0
2,231,613.0
2,231,613.0
2,232,620.0
2,232,620.0
2,233,628.0
2,233,628.0
2,234,635.0
2,234,635.0
2,235,643.0
2,235,643.0
2,236,650.0
2,236,650.0
2,237,657.0
2,237,657.0
2,238,664.0
2,238,664.0
2,239,673.0
2,239,673.0
2,240,679.0
2,240,679.0
2,241,686.0
2,241,686.0
2,242,693.0
2,242,693.0
2,243,700.0
2,243,700.0
2,244,706.0
2,244,706.0
2,245,712.0
2,245,712.0
2,246,718.0
2,246,718.0
2,247,725.0
2,247,725.0
2,248,733.0
2,248,733.0
2,249,740.0
2,249,740.0
2,250,746.0
2,250,746.0
2,251,752.0
2,251,752.0
2,252,758.0
2,252,758.0
2,253,763.0
2,253,763.0
2,254,772.0
2,254,772.0
2,255,777.0
2,255,777.0
2,256,784.0
2,256,784.0
2,257,788.0
2,257,788.0
2,258,797.0
2,258,797.0
2,259,803.0
2,259,803.0
3,57,447.0
3,57,447.0
3,58,437.0
3,58,437.0
3,59,430.0
3,59,430.0
3,60,420.0
3,60,420.0
3,61,411.0
3,61,411.0
3,62,403.0
3,62,403.0
3,63,393.0
3,63,393.0
3,64,385.0
3,64,385.0
3,65,375.0
3,65,375.0
3,66,366.0
3,66,366.0
3,67,359.0
3,67,359.0
3,68,348.0
3,68,348.0
3,69,340.0
3,69,340.0
3,70,334.0
3,70,334.0
3,71,325.0
3,71,325.0
3,72,317.0
3,72,317.0
3,73,309.0
3,73,309.0
3,74,302.0
3,74,302.0
3,75,293.0
3,75,293.0
3,76,287.0
3,76,287.0
3,77,280.0
3,77,280.0
3,78,273.0
3,78,273.0
3,79,265.0
3,79,265.0
3,80,258.0
3,80,258.0
3,81,250.0
3,81,250.0
3,82,244.0
3,82,244.0
3,83,237.0
3,83,237.0
3,84,232.0
3,84,232.0
3,85,223.0
3,85,223.0
3,86,218.0
3,86,218.0
3,87,212.0
3,87,212.0
3,88,206.0
3,88,206.0
3,89,200.0
3,89,200.0
3,90,194.0
3,90,194.0
3,91,189.0
3,91,189.0
3,92,186.0
3,92,186.0
3,93,181.0
3,93,181.0
3,94,178.0
3,94,178.0
3,95,174.0
3,95,174.0
3,96,173.0
3,96,173.0
3,97,173.0
3,97,173.0
3,98,171.0
3,98,171.0
3,99,168.0
3,99,168.0
3,100,169.0
3,100,169.0
3,101,168.0
3,101,168.0
3,102,167.0
3,102,167.0
3,103,167.0
3,103,167.0
3,104,167.0
3,104,167.0
3,105,165.0
3,105,165.0
3,106,166.0
3,106,166.0
3,107,165.0
3,107,165.0
3,108,165.0
3,108,165.0
3,109,166.0
3,109,166.0
3,110,165.0
3,110,165.0
3,111,164.0
3,111,164.0
3,112,165.0
3,112,165.0
3,113,164.0
3,113,164.0
3,114,163.0
3,114,163.0
3,115,163.0
3,115,163.0
3,116,164.0
3,116,164.0
3,117,161.0
3,117,161.0
3,118,162.0
3,118,162.0
3,119,162.0
3,119,162.0
3,120,163.0
3,120,163.0
3,121,164.0
3,121,164.0
3,122,164.0
3,122,164.0
3,123,162.0
3,123,162.0
3,124,162.0
3,124,162.0
3,125,162.0
3,125,162.0
3,126,163.0
3,126,163.0
3,127,160.0
3,127,160.0
3,128,162.0
3,128,162.0
3,129,161.0
3,129,161.0
3,130,162.0
3,130,162.0
3,131,161.0
3,131,161.0
3,132,161.0
3,132,161.0
3,133,163.0
3,133,163.0
3,134,161.0
3,134,161.0
3,135,161.0
3,135,161.0
3,136,162.0
3,136,162.0
3,137,161.0
3,137,161.0
3,138,161.0
3,138,161.0
3,139,160.0
3,139,160.0
3,140,161.0
3,140,161.0
3,141,160.0
3,141,160.0
3,142,160.0
3,142,160.0
3,143,161.0
3,143,161.0
3,144,160.0
3,144,160.0
3,145,161.0
3,145,161.0
3,146,161.0
3,146,161.0
3,147,160.0
3,147,160.0
3,148,161.0
3,148,161.0
3,149,160.0
3,149,160.0
3,150,160.0
3,150,160.0
3,151,161.0
3,151,161.0
3,152,162.0
3,152,162.0
3,153,160.0
3,153,160.0
3,154,161.0
3,154,161.0
3,155,160.0
3,155,160.0
3,156,160.0
3,156,160.0
3,157,160.0
3,157,160.0
3,158,160.0
3,158,160.0
3,159,160.0
3,159,160.0
3,160,159.0
3,160,159.0
3,161,161.0
3,161,161.0
3,162,161.0
3,162,161.0
3,163,160.0
3,163,160.0
3,164,160.0
3,164,160.0
3,165,159.0
3,165,159.0
3,166,160.0
3,166,160.0
3,167,160.0
3,167,160.0
3,168,159.0
3,168,159.0
3,169,162.0
3,169,162.0
3,170,162.0
3,170,162.0
3,171,161.0
3,171,161.0
3,172,161.0
3,172,161.0
3,173,162.0
3,173,162.0
3,174,160.0
3,174,160.0
3,175,161.0
3,175,161.0
3,176,161.0
3,176,161.0
3,177,161.0
3,177,161.0
3,178,161.0
3,178,161.0
3,179,160.0
3,179,160.0
3,180,161.0
3,180,161.0
3,181,162.0
3,181,162.0
3,182,163.0
3,182,163.0
3,183,161.0
3,183,161.0
3,184,162.0
3,184,162.0
3,185,160.0
3,185,160.0
3,186,162.0
3,186,162.0
3,187,161.0
3,187,161.0
3,188,162.0
3,188,162.0
3,189,162.0
3,189,162.0
3,190,163.0
3,190,163.0
3,191,163.0
3,191,163.0
3,192,165.0
3,192,165.0
3,193,163.0
3,193,163.0
3,194,163.0
3,194,163.0
3,195,164.0
3,195,164.0
3,196,163.0
3,196,163.0
3,197,163.0
3,197,163.0
3,198,164.0
3,198,164.0
3,199,164.0
3,199,164.0
3,200,164.0
3,200,164.0
3,201,165.0
3,201,165.0
3,202,165.0
3,202,165.0
3,203,165.0
3,203,165.0
3,204,166.0
3,204,166.0
3,205,164.0
3,205,164.0
3,206,165.0
3,206,165.0
3,207,166.0
3,207,166.0
3,208,168.0
3,208,168.0
3,209,167.0
3,209,167.0
3,210,165.0
3,210,165.0
3,211,168.0
3,211,168.0
3,212,167.0
3,212,167.0
3,213,168.0
3,213,168.0
3,214,171.0
3,214,171.0
3,215,171.0
3,215,171.0
3,216,172.0
3,216,172.0
3,217,175.0
3,217,175.0
3,218,177.0
3,218,177.0
3,219,179.0
3,219,179.0
3,220,182.0
3,220,182.0
3,221,185.0
3,221,185.0
3,222,191.0
3,222,191.0
3,223,197.0
3,223,197.0
3,224,203.0
3,224,203.0
3,225,209.0
3,225,209.0
3,226,215.0
3,226,215.0
3,227,220.0
3,227,220.0
3,228,227.0
3,228,227.0
3,229,233.0
3,229,233.0
3,230,241.0
3,230,241.0
3,231,247.0
3,231,247.0
3,232,253.0
3,232,253.0
3,233,262.0
3,233,262.0
3,234,268.0
3,234,268.0
3,235,274.0
3,235,274.0
3,236,282.0
3,236,282.0
3,237,288.0
3,237,288.0
3,238,297.0
3,238,297.0
3,239,304.0
3,239,304.0
3,240,311.0
3,240,311.0
3,241,320.0
3,241,320.0
3,242,328.0
3,242,328.0
3,243,334.0
3,243,334.0
3,244,344.0
3,244,344.0
3,245,352.0
3,245,352.0
3,246,358.0
3,246,358.0
3,247,367.0
3,247,367.0
3,248,376.0
3,248,376.0
3,249,385.0
3,249,385.0
3,250,395.0
3,250,395.0
3,251,402.0
3,251,402.0
3,252,413.0
3,252,413.0
3,253,420.0
3,253,420.0
3,254,429.0
3,254,429.0
3,255,437.0
3,255,437.0
4,58,477.0
4,58,477.0
4,59,468.0
4,59,468.0
4,60,461.0
4,60,461.0
4,61,452.0
4,61,452.0
4,62,441.0
4,62,441.0
4,63,435.0
4,63,435.0
4,64,425.0
4,64,425.0
4,65,415.0
4,65,415.0
4,66,407.0
4,66,407.0
4,67,399.0
4,67,399.0
4,68,390.0
4,68,390.0
4,69,381.0
4,69,381.0
4,70,373.0
4,70,373.0
4,71,365.0
4,71,365.0
4,72,359.0
4,72,359.0
4,73,350.0
4,73,350.0
4,74,342.0
4,74,342.0
4,75,334.0
4,75,334.0
4,76,327.0
4,76,327.0
4,77,319.0
4,77,319.0
4,78,312.0
4,78,312.0
4,79,304.0
4,79,304.0
4,80,299.0
4,80,299.0
4,81,292.0
4,81,292.0
4,82,284.0
4,82,284.0
4,83,278.0
4,83,278.0
4,84,270.0
4,84,270.0
4,85,264.0
4,85,264.0
4,86,261.0
4,86,261.0
4,87,251.0
4,87,251.0
4,88,245.0
4,88,245.0
4,89,241.0
4,89,241.0
4,90,237.0
4,90,237.0
4,91,229.0
4,91,229.0
4,92,225.0
4,92,225.0
4,93,221.0
4,93,221.0
4,94,218.0
4,94,218.0
4,95,215.0
4,95,215.0
4,96,213.0
4,96,213.0
4,97,213.0
4,97,213.0
4,98,211.0
4,98,211.0
4,99,210.0
4,99,210.0
4,100,210.0
4,100,210.0
4,101,209.0
4,101,209.0
4,102,208.0
4,102,208.0
4,103,209.0
4,103,209.0
4,104,208.0
4,104,208.0
4,105,208.0
4,105,208.0
4,106,208.0
4,106,208.0
4,107,207.0
4,107,207.0
4,108,206.0
4,108,206.0
4,109,206.0
4,109,206.0
4,110,206.0
4,110,206.0
4,111,206.0
4,111,206.0
4,112,206.0
4,112,206.0
4,113,205.0
4,113,205.0
4,114,205.0
4,114,205.0
4,115,204.0
4,115,204.0
4,116,205.0
4,116,205.0
4,117,204.0
4,117,204.0
4,118,204.0
4,118,204.0
4,119,205.0
4,119,205.0
4,120,204.0
4,120,204.0
4,121,204.0
4,121,204.0
4,122,203.0
4,122,203.0
4,123,204.0
4,123,204.0
4,124,205.0
4,124,205.0
4,125,203.0
4,125,203.0
4,126,204.0
4,126,204.0
4,127,204.0
4,127,204.0
4,128,204.0
4,128,204.0
4,129,204.0
4,129,204.0
4,130,203.0
4,130,203.0
4,131,204.0
4,131,204.0
4,132,203.0
4,132,203.0
4,133,203.0
4,133,203.0
4,134,203.0
4,134,203.0
4,135,204.0
4,135,204.0
4,136,202.0
4,136,202.0
4,137,202.0
4,137,202.0
4,138,203.0
4,138,203.0
4,139,204.0
4,139,204.0
4,140,201.0
4,140,201.0
4,141,201.0
4,141,201.0
4,142,202.0
4,142,202.0
4,143,202.0
4,143,202.0
4,144,202.0
4,144,202.0
4,145,203.0
4,145,203.0
4,146,203.0
4,146,203.0
4,147,203.0
4,147,203.0
4,148,201.0
4,148,201.0
4,149,203.0
4,149,203.0
4,150,201.0
4,150,201.0
4,151,202.0
4,151,202.0
4,152,203.0
4,152,203.0
4,153,203.0
4,153,203.0
4,154,203.0
4,154,203.0
4,155,202.0
4,155,202.0
4,156,201.0
4,156,201.0
4,157,203.0
4,157,203.0
4,158,203.0
4,158,203.0
4,159,202.0
4,159,202.0
4,160,201.0
4,160,201.0
4,161,202.0
4,161,202.0
4,162,201.0
4,162,201.0
4,163,202.0
4,163,202.0
4,164,201.0
4,164,201.0
4,165,203.0
4,165,203.0
4,166,202.0
4,166,202.0
4,167,202.0
4,167,202.0
4,168,202.0
4,168,202.0
4,169,203.0
4,169,203.0
4,170,201.0
4,170,201.0
4,171,202.0
4,171,202.0
4,172,202.0
4,172,202.0
4,173,202.0
4,173,202.0
4,174,203.0
4,174,203.0
4,175,201.0
4,175,201.0
4,176,202.0
4,176,202.0
4,177,203.0
4,177,203.0
4,178,203.0
4,178,203.0
4,179,203.0
4,179,203.0
4,180,202.0
4,180,202.0
4,181,205.0
4,181,205.0
4,182,204.0
4,182,204.0
4,183,205.0
4,183,205.0
4,184,203.0
4,184,203.0
4,185,203.0
4,185,203.0
4,186,203.0
4,186,203.0
4,187,204.0
4,187,204.0
4,188,204.0
4,188,204.0
4,189,204.0
4,189,204.0
4,190,205.0
4,190,205.0
4,191,204.0
4,191,204.0
4,192,204.0
4,192,204.0
4,193,204.0
4,193,204.0
4,194,204.0
4,194,204.0
4,195,205.0
4,195,205.0
4,196,207.0
4,196,207.0
4,197,203.0
4,197,203.0
4,198,206.0
4,198,206.0
4,199,205.0
4,199,205.0
4,200,205.0
4,200,205.0
4,201,206.0
4,201,206.0
4,202,205.0
4,202,205.0
4,203,207.0
4,203,207.0
4,204,205.0
4,204,205.0
4,205,207.0
4,205,207.0
4,206,207.0
4,206,207.0
4,207,206.0
4,207,206.0
4,208,208.0
4,208,208.0
4,209,207.0
4,209,207.0
4,210,207.0
4,210,207.0
4,211,209.0
4,211,209.0
4,212,209.0
4,212,209.0
4,213,210.0
4,213,210.0
4,214,211.0
4,214,211.0
4,215,210.0
4,215,210.0
4,216,213.0
4,216,213.0
4,217,214.0
4,217,214.0
4,218,217.0
4,218,217.0
4,219,219.0
4,219,219.0
4,220,221.0
4,220,221.0
4,221,227.0
4,221,227.0
4,222,232.0
4,222,232.0
4,223,238.0
4,223,238.0
4,224,244.0
4,224,244.0
4,225,250.0
4,225,250.0
4,226,256.0
4,226,256.0
4,227,263.0
4,227,263.0
4,228,269.0
4,228,269.0
4,229,275.0
4,229,275.0
4,230,280.0
4,230,280.0
4,231,289.0
4,231,289.0
4,232,296.0
4,232,296.0
4,233,302.0
4,233,302.0
4,234,308.0
4,234,308.0
4,235,317.0
4,235,317.0
4,236,324.0
4,236,324.0
4,237,331.0
4,237,331.0
4,238,337.0
4,238,337.0
4,239,345.0
4,239,345.0
4,240,353.0
4,240,353.0
4,241,362.0
4,241,362.0
4,242,368.0
4,242,368.0
4,243,375.0
4,243,375.0
4,244,385.0
4,244,385.0
4,245,392.0
4,245,392.0
4,246,399.0
4,246,399.0
4,247,407.0
4,247,407.0
4,248,418.0
4,248,418.0
4,249,425.0
4,249,425.0
4,250,434.0
4,250,434.0
4,251,442.0
4,251,442.0
4,252,452.0
4,252,452.0
4,253,460.0
4,253,460.0
4,254,471.0
4,254,471.0
4,255,477.0
4,255,477.0
4,256,487.0
4,256,487.0
4,257,497.0
4,257,497.0
4,258,504.0
4,258,504.0
4,259,514.0
4,259,514.0
5,64,988.0
5,64,988.0
5,65,979.0
5,65,979.0
5,66,969.0
5,66,969.0
5,67,961.0
5,67,961.0
5,68,952.0
5,68,952.0
5,69,942.0
5,69,942.0
5,70,933.0
5,70,933.0
5,71,925.0
5,71,925.0
5,72,918.0
5,72,918.0
5,73,909.0
5,73,909.0
5,74,900.0
5,74,900.0
5,75,892.0
5,75,892.0
5,76,886.0
5,76,886.0
5,77,876.0
5,77,876.0
5,78,869.0
5,78,869.0
5,79,862.0
5,79,862.0
5,80,856.0
5,80,856.0
5,81,849.0
5,81,849.0
5,82,841.0
5,82,841.0
5,83,834.0
5,83,834.0
5,84,826.0
5,84,826.0
5,85,819.0
5,85,819.0
5,86,815.0
5,86,815.0
5,87,807.0
5,87,807.0
5,88,802.0
5,88,802.0
5,89,794.0
5,89,794.0
5,90,788.0
5,90,788.0
5,91,782.0
5,91,782.0
5,92,780.0
5,92,780.0
5,93,775.0
5,93,775.0
5,94,771.0
5,94,771.0
5,95,767.0
5,95,767.0
5,96,767.0
5,96,767.0
5,97,764.0
5,97,764.0
5,98,763.0
5,98,763.0
5,99,762.0
5,99,762.0
5,100,762.0
5,100,762.0
5,101,760.0
5,101,760.0
5,102,760.0
5,102,760.0
5,103,760.0
5,103,760.0
5,104,759.0
5,104,759.0
5,105,758.0
5,105,758.0
5,106,758.0
5,106,758.0
5,107,759.0
5,107,759.0
5,108,759.0
5,108,759.0
5,109,757.0
5,109,757.0
5,110,757.0
5,110,757.0
5,111,758.0
5,111,758.0
5,112,755.0
5,112,755.0
5,113,757.0
5,113,757.0
5,114,757.0
5,114,757.0
5,115,756.0
5,115,756.0
5,116,756.0
5,116,756.0
5,117,755.0
5,117,755.0
5,118,756.0
5,118,756.0
5,119,755.0
5,119,755.0
5,120,756.0
5,120,756.0
5,121,754.0
5,121,754.0
5,122,756.0
5,122,756.0
5,123,755.0
5,123,755.0
5,124,754.0
5,124,754.0
5,125,754.0
5,125,754.0
5,126,755.0
5,126,755.0
5,127,754.0
5,127,754.0
5,128,754.0
5,128,754.0
5,129,753.0
5,129,753.0
5,130,753.0
5,130,753.0
5,131,754.0
5,131,754.0
5,132,754.0
5,132,754.0
5,133,755.0
5,133,755.0
5,134,754.0
5,134,754.0
5,135,754.0
5,135,754.0
5,136,753.0
5,136,753.0
5,137,754.0
5,137,754.0
5,138,754.0
5,138,754.0
5,139,752.0
5,139,752.0
5,140,754.0
5,140,754.0
5,141,754.0
5,141,754.0
5,142,752.0
5,142,752.0
5,143,753.0
5,143,753.0
5,144,754.0
5,144,754.0
5,145,752.0
5,145,752.0
5,146,752.0
5,146,752.0
5,147,752.0
5,147,752.0
5,148,753.0
5,148,753.0
5,149,752.0
5,149,752.0
5,150,753.0
5,150,753.0
5,151,753.0
5,151,753.0
5,152,752.0
5,152,752.0
5,153,752.0
5,153,752.0
5,154,751.0
5,154,751.0
5,155,753.0
5,155,753.0
5,156,752.0
5,156,752.0
5,157,752.0
5,157,752.0
5,158,754.0
5,158,754.0
5,159,752.0
5,159,752.0
5,160,752.0
5,160,752.0
5,161,752.0
5,161,752.0
5,162,752.0
5,162,752.0
5,163,752.0
5,163,752.0
5,164,752.0
5,164,752.0
5,165,752.0
5,165,752.0
5,166,754.0
5,166,754.0
5,167,754.0
5,167,754.0
5,168,753.0
5,168,753.0
5,169,753.0
5,169,753.0
5,170,753.0
5,170,753.0
5,171,754.0
5,171,754.0
5,172,754.0
5,172,754.0
5,173,754.0
5,173,754.0
5,174,753.0
5,174,753.0
5,175,754.0
5,175,754.0
5,176,754.0
5,176,754.0
5,177,754.0
5,177,754.0
5,178,754.0
5,178,754.0
5,179,754.0
5,179,754.0
5,180,754.0
5,180,754.0
5,181,754.0
5,181,754.0
5,182,754.0
5,182,754.0
5,183,754.0
5,183,754.0
5,184,754.0
5,184,754.0
5,185,754.0
5,185,754.0
5,186,754.0
5,186,754.0
5,187,755.0
5,187,755.0
5,188,754.0
5,188,754.0
5,189,755.0
5,189,755.0
5,190,754.0
5,190,754.0
5,191,755.0
5,191,755.0
5,192,755.0
5,192,755.0
5,193,755.0
5,193,755.0
5,194,756.0
5,194,756.0
5,195,755.0
5,195,755.0
5,196,756.0
5,196,756.0
5,197,755.0
5,197,755.0
5,198,756.0
5,198,756.0
5,199,756.0
5,199,756.0
5,200,756.0
5,200,756.0
5,201,756.0
5,201,756.0
5,202,758.0
5,202,758.0
5,203,758.0
5,203,758.0
5,204,757.0
5,204,757.0
5,205,759.0
5,205,759.0
5,206,758.0
5,206,758.0
5,207,759.0
5,207,759.0
5,208,759.0
5,208,759.0
5,209,759.0
5,209,759.0
5,210,760.0
5,210,760.0
5,211,760.0
5,211,760.0
5,212,760.0
5,212,760.0
5,213,761.0
5,213,761.0
5,214,762.0
5,214,762.0
5,215,763.0
5,215,763.0
5,216,767.0
5,216,767.0
5,217,767.0
5,217,767.0
5,218,769.0
5,218,769.0
5,219,773.0
5,219,773.0
5,220,775.0
5,220,775.0
5,221,781.0
5,221,781.0
5,222,785.0
5,222,785.0
5,223,791.0
5,223,791.0
5,224,798.0
5,224,798.0
5,225,804.0
5,225,804.0
5,226,811.0
5,226,811.0
5,227,817.0
5,227,817.0
5,228,823.0
5,228,823.0
5,229,830.0
5,229,830.0
5,230,836.0
5,230,836.0
5,231,845.0
5,231,845.0
5,232,852.0
5,232,852.0
5,233,858.0
5,233,858.0
5,234,866.0
5,234,866.0
5,235,873.0
5,235,873.0
5,236,882.0
5,236,882.0
5,237,889.0
5,237,889.0
5,238,896.0
5,238,896.0
5,239,903.0
5,239,903.0
5,240,911.0
5,240,911.0
5,241,919.0
5,241,919.0
5,242,926.0
5,242,926.0
5,243,937.0
5,243,937.0
5,244,946.0
5,244,946.0
5,245,953.0
5,245,953.0
5,246,961.0
5,246,961.0
5,247,971.0
5,247,971.0
5,248,980.0
5,248,980.0
5,249,989.0
5,249,989.0
5,250,996.0
5,250,996.0
5,251,1006.0
5,251,1006.0
5,252,1015.0
5,252,1015.0
5,253,1024.0
5,253,1024.0
5,254,1034.0
5,254,1034.0
5,255,1043.0
5,255,1043.0
5,256,1052.0
5,256,1052.0
5,257,1061.0
5,257,1061.0
6,64,1030.0
6,64,1030.0
6,65,1020.0
6,65,1020.0
6,66,1011.0
6,66,1011.0
6,67,1002.0
6,67,1002.0
6,68,994.0
6,68,994.0
6,69,984.0
6,69,984.0
6,70,976.0
6,70,976.0
6,71,966.0
6,71,966.0
6,72,959.0
6,72,959.0
6,73,952.0
6,73,952.0
6,74,945.0
6,74,945.0
6,75,935.0
6,75,935.0
6,76,927.0
6,76,927.0
6,77,920.0
6,77,920.0
6,78,913.0
6,78,913.0
6,79,904.0
6,79,904.0
6,80,898.0
6,80,898.0
6,81,890.0
6,81,890.0
6,82,884.0
6,82,884.0
6,83,876.0
6,83,876.0
6,84,868.0
6,84,868.0
6,85,862.0
6,85,862.0
6,86,856.0
6,86,856.0
6,87,850.0
6,87,850.0
6,88,843.0
6,88,843.0
6,89,837.0
6,89,837.0
6,90,831.0
6,90,831.0
6,91,826.0
6,91,826.0
6,92,820.0
6,92,820.0
6,93,817.0
6,93,817.0
6,94,815.0
6,94,815.0
6,95,810.0
6,95,810.0
6,96,808.0
6,96,808.0
6,97,808.0
6,97,808.0
6,98,807.0
6,98,807.0
6,99,806.0
6,99,806.0
6,100,805.0
6,100,805.0
6,101,804.0
6,101,804.0
6,102,803.0
6,102,803.0
6,103,803.0
6,103,803.0
6,104,802.0
6,104,802.0
6,105,801.0
6,105,801.0
6,106,801.0
6,106,801.0
6,107,801.0
6,107,801.0
6,108,801.0
6,108,801.0
6,109,800.0
6,109,800.0
6,110,801.0
6,110,801.0
6,111,800.0
6,111,800.0
6,112,799.0
6,112,799.0
6,113,799.0
6,113,799.0
6,114,798.0
6,114,798.0
6,115,798.0
6,115,798.0
6,116,799.0
6,116,799.0
6,117,798.0
6,117,798.0
6,118,798.0
6,118,798.0
6,119,798.0
6,119,798.0
6,120,799.0
6,120,799.0
6,121,797.0
6,121,797.0
6,122,798.0
6,122,798.0
6,123,797.0
6,123,797.0
6,124,797.0
6,124,797.0
6,125,797.0
6,125,797.0
6,126,797.0
6,126,797.0
6,127,798.0
6,127,798.0
6,128,796.0
6,128,796.0
6,129,796.0
6,129,796.0
6,130,796.0
6,130,796.0
6,131,796.0
6,131,796.0
6,132,796.0
6,132,796.0
6,133,797.0
6,133,797.0
6,134,796.0
6,134,796.0
6,135,796.0
6,135,796.0
6,136,796.0
6,136,796.0
6,137,796.0
6,137,796.0
6,138,796.0
6,138,796.0
6,139,795.0
6,139,795.0
6,140,795.0
6,140,795.0
6,141,796.0
6,141,796.0
6,142,795.0
6,142,795.0
6,143,795.0
6,143,795.0
6,144,795.0
6,144,795.0
6,145,796.0
6,145,796.0
6,146,795.0
6,146,795.0
6,147,795.0
6,147,795.0
6,148,794.0
6,148,794.0
6,149,794.0
6,149,794.0
6,150,794.0
6,150,794.0
6,151,795.0
6,151,795.0
6,152,795.0
6,152,795.0
6,153,795.0
6,153,795.0
6,154,794.0
6,154,794.0
6,155,796.0
6,155,796.0
6,156,795.0
6,156,795.0
6,157,795.0
6,157,795.0
6,158,794.0
6,158,794.0
6,159,794.0
6,159,794.0
6,160,795.0
6,160,795.0
6,161,795.0
6,161,795.0
6,162,793.0
6,162,793.0
6,163,795.0
6,163,795.0
6,164,796.0
6,164,796.0
6,165,795.0
6,165,795.0
6,166,795.0
6,166,795.0
6,167,796.0
6,167,796.0
6,168,795.0
6,168,795.0
6,169,795.0
6,169,795.0
6,170,795.0
6,170,795.0
6,171,796.0
6,171,796.0
6,172,795.0
6,172,795.0
6,173,796.0
6,173,796.0
6,174,796.0
6,174,796.0
6,175,797.0
6,175,797.0
6,176,797.0
6,176,797.0
6,177,796.0
6,177,796.0
6,178,797.0
6,178,797.0
6,179,797.0
6,179,797.0
6,180,797.0
6,180,797.0
6,181,796.0
6,181,796.0
6,182,797.0
6,182,797.0
6,183,797.0
6,183,797.0
6,184,797.0
6,184,797.0
6,185,797.0
6,185,797.0
6,186,797.0
6,186,797.0
6,187,797.0
6,187,797.0
6,188,796.0
6,188,796.0
6,189,797.0
6,189,797.0
6,190,797.0
6,190,797.0
6,191,798.0
6,191,798.0
6,192,798.0
6,192,798.0
6,193,798.0
6,193,798.0
6,194,798.0
6,194,798.0
6,195,798.0
6,195,798.0
6,196,799.0
6,196,799.0
6,197,799.0
6,197,799.0
6,198,799.0
6,198,799.0
6,199,799.0
6,199,799.0
6,200,799.0
6,200,799.0
6,201,800.0
6,201,800.0
6,202,799.0
6,202,799.0
6,203,801.0
6,203,801.0
6,204,801.0
6,204,801.0
6,205,801.0
6,205,801.0
6,206,800.0
6,206,800.0
6,207,802.0
6,207,802.0
6,208,802.0
6,208,802.0
6,209,802.0
6,209,802.0
6,210,803.0
6,210,803.0
6,211,803.0
6,211,803.0
6,212,804.0
6,212,804.0
6,213,803.0
6,213,803.0
6,214,804.0
6,214,804.0
6,215,807.0
6,215,807.0
6,216,809.0
6,216,809.0
6,217,811.0
6,217,811.0
6,218,812.0
6,218,812.0
6,219,815.0
6,219,815.0
6,220,818.0
6,220,818.0
6,221,822.0
6,221,822.0
6,222,828.0
6,222,828.0
6,223,834.0
6,223,834.0
6,224,841.0
6,224,841.0
6,225,847.0
6,225,847.0
6,226,853.0
6,226,853.0
6,227,860.0
6,227,860.0
6,228,866.0
6,228,866.0
6,229,872.0
6,229,872.0
6,230,880.0
6,230,880.0
6,231,886.0
6,231,886.0
6,232,894.0
6,232,894.0
6,233,900.0
6,233,900.0
6,234,909.0
6,234,909.0
6,235,916.0
6,235,916.0
6,236,923.0
6,236,923.0
6,237,928.0
6,237,928.0
6,238,939.0
6,238,939.0
6,239,946.0
6,239,946.0
6,240,955.0
6,240,955.0
6,241,961.0
6,241,961.0
6,242,969.0
6,242,969.0
6,243,980.0
6,243,980.0
6,244,987.0
6,244,987.0
6,245,993.0
6,245,993.0
6,246,1003.0
6,246,1003.0
6,247,1012.0
6,247,1012.0
6,248,1022.0
6,248,1022.0
6,249,1029.0
6,249,1029.0
6,250,1039.0
6,250,1039.0
6,251,1028.0
6,251,1028.0
7,67,1307.0
7,67,1307.0
7,68,1303.0
7,68,1303.0
7,69,1299.0
7,69,1299.0
7,70,1290.0
7,70,1290.0
7,71,1282.0
7,71,1282.0
7,72,1276.0
7,72,1276.0
7,73,1268.0
7,73,1268.0
7,74,1261.0
7,74,1261.0
7,75,1251.0
7,75,1251.0
7,76,1245.0
7,76,1245.0
7,77,1236.0
7,77,1236.0
7,78,1229.0
7,78,1229.0
7,79,1221.0
7,79,1221.0
7,80,1212.0
7,80,1212.0
7,81,1203.0
7,81,1203.0
7,82,1196.0
7,82,1196.0
7,83,1189.0
7,83,1189.0
7,84,1179.0
7,84,1179.0
7,85,1170.0
7,85,1170.0
7,86,1162.0
7,86,1162.0
7,87,1154.0
7,87,1154.0
7,88,1145.0
7,88,1145.0
7,89,1136.0
7,89,1136.0
7,90,1129.0
7,90,1129.0
7,91,1121.0
7,91,1121.0
7,92,1113.0
7,92,1113.0
7,93,1107.0
7,93,1107.0
7,94,1102.0
7,94,1102.0
7,95,1099.0
7,95,1099.0
7,96,1096.0
7,96,1096.0
7,97,1094.0
7,97,1094.0
7,98,1093.0
7,98,1093.0
7,99,1092.0
7,99,1092.0
7,100,1090.0
7,100,1090.0
7,101,1089.0
7,101,1089.0
7,102,1089.0
7,102,1089.0
7,103,1086.0
7,103,1086.0
7,104,1085.0
7,104,1085.0
7,105,1086.0
7,105,1086.0
7,106,1086.0
7,106,1086.0
7,107,1086.0
7,107,1086.0
7,108,1085.0
7,108,1085.0
7,109,1085.0
7,109,1085.0
7,110,1084.0
7,110,1084.0
7,111,1084.0
7,111,1084.0
7,112,1082.0
7,112,1082.0
7,113,1082.0
7,113,1082.0
7,114,1081.0
7,114,1081.0
7,115,1083.0
7,115,1083.0
7,116,1082.0
7,116,1082.0
7,117,1081.0
7,117,1081.0
7,118,1081.0
7,118,1081.0
7,119,1081.0
7,119,1081.0
7,120,1081.0
7,120,1081.0
7,121,1080.0
7,121,1080.0
7,122,1081.0
7,122,1081.0
7,123,1080.0
7,123,1080.0
7,124,1079.0
7,124,1079.0
7,125,1079.0
7,125,1079.0
7,126,1080.0
7,126,1080.0
7,127,1079.0
7,127,1079.0
7,128,1079.0
7,128,1079.0
7,129,1079.0
7,129,1079.0
7,130,1078.0
7,130,1078.0
7,131,1078.0
7,131,1078.0
7,132,1079.0
7,132,1079.0
7,133,1077.0
7,133,1077.0
7,134,1078.0
7,134,1078.0
7,135,1078.0
7,135,1078.0
7,136,1079.0
7,136,1079.0
7,137,1079.0
7,137,1079.0
7,138,1076.0
7,138,1076.0
7,139,1077.0
7,139,1077.0
7,140,1077.0
7,140,1077.0
7,141,1078.0
7,141,1078.0
7,142,1077.0
7,142,1077.0
7,143,1077.0
7,143,1077.0
7,144,1076.0
7,144,1076.0
7,145,1077.0
7,145,1077.0
7,146,1076.0
7,146,1076.0
7,147,1076.0
7,147,1076.0
7,148,1076.0
7,148,1076.0
7,149,1076.0
7,149,1076.0
7,150,1075.0
7,150,1075.0
7,151,1076.0
7,151,1076.0
7,152,1077.0
7,152,1077.0
7,153,1076.0
7,153,1076.0
7,154,1076.0
7,154,1076.0
7,155,1075.0
7,155,1075.0
7,156,1076.0
7,156,1076.0
7,157,1076.0
7,157,1076.0
7,158,1076.0
7,158,1076.0
7,159,1075.0
7,159,1075.0
7,160,1076.0
7,160,1076.0
7,161,1076.0
7,161,1076.0
7,162,1075.0
7,162,1075.0
7,163,1076.0
7,163,1076.0
7,164,1076.0
7,164,1076.0
7,165,1076.0
7,165,1076.0
7,166,1076.0
7,166,1076.0
7,167,1077.0
7,167,1077.0
7,168,1076.0
7,168,1076.0
7,169,1075.0
7,169,1075.0
7,170,1076.0
7,170,1076.0
7,171,1077.0
7,171,1077.0
7,172,1077.0
7,172,1077.0
7,173,1076.0
7,173,1076.0
7,174,1077.0
7,174,1077.0
7,175,1076.0
7,175,1076.0
7,176,1078.0
7,176,1078.0
7,177,1077.0
7,177,1077.0
7,178,1078.0
7,178,1078.0
7,179,1077.0
7,179,1077.0
7,180,1079.0
7,180,1079.0
7,181,1078.0
7,181,1078.0
7,182,1078.0
7,182,1078.0
7,183,1078.0
7,183,1078.0
7,184,1079.0
7,184,1079.0
7,185,1079.0
7,185,1079.0
7,186,1079.0
7,186,1079.0
7,187,1080.0
7,187,1080.0
7,188,1079.0
7,188,1079.0
7,189,1080.0
7,189,1080.0
7,190,1080.0
7,190,1080.0
7,191,1079.0
7,191,1079.0
7,192,1082.0
7,192,1082.0
7,193,1081.0
7,193,1081.0
7,194,1081.0
7,194,1081.0
7,195,1082.0
7,195,1082.0
7,196,1082.0
7,196,1082.0
7,197,1083.0
7,197,1083.0
7,198,1083.0
7,198,1083.0
7,199,1083.0
7,199,1083.0
7,200,1084.0
7,200,1084.0
7,201,1083.0
7,201,1083.0
7,202,1084.0
7,202,1084.0
7,203,1084.0
7,203,1084.0
7,204,1085.0
7,204,1085.0
7,205,1084.0
7,205,1084.0
7,206,1084.0
7,206,1084.0
7,207,1086.0
7,207,1086.0
7,208,1085.0
7,208,1085.0
7,209,1087.0
7,209,1087.0
7,210,1088.0
7,210,1088.0
7,211,1089.0
7,211,1089.0
7,212,1088.0
7,212,1088.0
7,213,1090.0
7,213,1090.0
7,214,1091.0
7,214,1091.0
7,215,1093.0
7,215,1093.0
7,216,1095.0
7,216,1095.0
7,217,1098.0
7,217,1098.0
7,218,1101.0
7,218,1101.0
7,219,1104.0
7,219,1104.0
7,220,1111.0
7,220,1111.0
7,221,1116.0
7,221,1116.0
7,222,1124.0
7,222,1124.0
7,223,1132.0
7,223,1132.0
7,224,1139.0
7,224,1139.0
8,73,1306.0
8,73,1306.0
8,74,1303.0
8,74,1303.0
8,75,1297.0
8,75,1297.0
8,76,1290.0
8,76,1290.0
8,77,1281.0
8,77,1281.0
8,78,1273.0
8,78,1273.0
8,79,1266.0
8,79,1266.0
8,80,1257.0
8,80,1257.0
8,81,1248.0
8,81,1248.0
8,82,1240.0
8,82,1240.0
8,83,1232.0
8,83,1232.0
8,84,1222.0
8,84,1222.0
8,85,1213.0
8,85,1213.0
8,86,1205.0
8,86,1205.0
8,87,1198.0
8,87,1198.0
8,88,1189.0
8,88,1189.0
8,89,1181.0
8,89,1181.0
8,90,1172.0
8,90,1172.0
8,91,1165.0
8,91,1165.0
8,92,1159.0
8,92,1159.0
8,93,1153.0
8,93,1153.0
8,94,1147.0
8,94,1147.0
8,95,1142.0
8,95,1142.0
8,96,1139.0
8,96,1139.0
8,97,1138.0
8,97,1138.0
8,98,1136.0
8,98,1136.0
8,99,1135.0
8,99,1135.0
8,100,1133.0
8,100,1133.0
8,101,1133.0
8,101,1133.0
8,102,1131.0
8,102,1131.0
8,103,1131.0
8,103,1131.0
8,104,1131.0
8,104,1131.0
8,105,1129.0
8,105,1129.0
8,106,1129.0
8,106,1129.0
8,107,1129.0
8,107,1129.0
8,108,1128.0
8,108,1128.0
8,109,1128.0
8,109,1128.0
8,110,1127.0
8,110,1127.0
8,111,1126.0
8,111,1126.0
8,112,1126.0
8,112,1126.0
8,113,1127.0
8,113,1127.0
8,114,1127.0
8,114,1127.0
8,115,1126.0
8,115,1126.0
8,116,1126.0
8,116,1126.0
8,117,1126.0
8,117,1126.0
8,118,1124.0
8,118,1124.0
8,119,1124.0
8,119,1124.0
8,120,1125.0
8,120,1125.0
8,121,1123.0
8,121,1123.0
8,122,1125.0
8,122,1125.0
8,123,1124.0
8,123,1124.0
8,124,1123.0
8,124,1123.0
8,125,1123.0
8,125,1123.0
8,126,1123.0
8,126,1123.0
8,127,1124.0
8,127,1124.0
8,128,1123.0
8,128,1123.0
8,129,1122.0
8,129,1122.0
8,130,1123.0
8,130,1123.0
8,131,1122.0
8,131,1122.0
8,132,1123.0
8,132,1123.0
8,133,1123.0
8,133,1123.0
8,134,1122.0
8,134,1122.0
8,135,1122.0
8,135,1122.0
8,136,1121.0
8,136,1121.0
8,137,1122.0
8,137,1122.0
8,138,1122.0
8,138,1122.0
8,139,1120.0
8,139,1120.0
8,140,1121.0
8,140,1121.0
8,141,1120.0
8,141,1120.0
8,142,1121.0
8,142,1121.0
8,143,1121.0
8,143,1121.0
8,144,1120.0
8,144,1120.0
8,145,1121.0
8,145,1121.0
8,146,1119.0
8,146,1119.0
8,147,1120.0
8,147,1120.0
8,148,1120.0
8,148,1120.0
8,149,1121.0
8,149,1121.0
8,150,1121.0
8,150,1121.0
8,151,1120.0
8,151,1120.0
8,152,1120.0
8,152,1120.0
8,153,1119.0
8,153,1119.0
8,154,1119.0
8,154,1119.0
8,155,1121.0
8,155,1121.0
8,156,1119.0
8,156,1119.0
8,157,1121.0
8,157,1121.0
8,158,1120.0
8,158,1120.0
8,159,1120.0
8,159,1120.0
8,160,1121.0
8,160,1121.0
8,161,1120.0
8,161,1120.0
8,162,1121.0
8,162,1121.0
8,163,1120.0
8,163,1120.0
8,164,1121.0
8,164,1121.0
8,165,1120.0
8,165,1120.0
8,166,1120.0
8,166,1120.0
8,167,1121.0
8,167,1121.0
8,168,1121.0
8,168,1121.0
8,169,1121.0
8,169,1121.0
8,170,1121.0
8,170,1121.0
8,171,1120.0
8,171,1120.0
8,172,1121.0
8,172,1121.0
8,173,1122.0
8,173,1122.0
8,174,1122.0
8,174,1122.0
8,175,1121.0
8,175,1121.0
8,176,1123.0
8,176,1123.0
8,177,1122.0
8,177,1122.0
8,178,1121.0
8,178,1121.0
8,179,1122.0
8,179,1122.0
8,180,1122.0
8,180,1122.0
8,181,1122.0
8,181,1122.0
8,182,1122.0
8,182,1122.0
8,183,1123.0
8,183,1123.0
8,184,1122.0
8,184,1122.0
8,185,1124.0
8,185,1124.0
8,186,1126.0
8,186,1126.0
8,187,1123.0
8,187,1123.0
8,188,1124.0
8,188,1124.0
8,189,1123.0
8,189,1123.0
8,190,1123.0
8,190,1123.0
8,191,1125.0
8,191,1125.0
8,192,1124.0
8,192,1124.0
8,193,1125.0
8,193,1125.0
8,194,1124.0
8,194,1124.0
8,195,1125.0
8,195,1125.0
8,196,1125.0
8,196,1125.0
8,197,1125.0
8,197,1125.0
8,198,1127.0
8,198,1127.0
8,199,1126.0
8,199,1126.0
8,200,1127.0
8,200,1127.0
8,201,1127.0
8,201,1127.0
8,202,1127.0
8,202,1127.0
8,203,1127.0
8,203,1127.0
8,204,1128.0
8,204,1128.0
8,205,1129.0
8,205,1129.0
8,206,1128.0
8,206,1128.0
8,207,1128.0
8,207,1128.0
8,208,1130.0
8,208,1130.0
8,209,1130.0
8,209,1130.0
8,210,1130.0
8,210,1130.0
8,211,1133.0
8,211,1133.0
8,212,1134.0
8,212,1134.0
8,213,1134.0
8,213,1134.0
8,214,1134.0
8,214,1134.0
8,215,1136.0
8,215,1136.0
8,216,1139.0
8,216,1139.0
8,217,1140.0
8,217,1140.0
8,218,1145.0
8,218,1145.0
8,219,1148.0
8,219,1148.0
8,220,1154.0
8,220,1154.0
8,221,1160.0
8,221,1160.0
8,222,1169.0
8,222,1169.0
8,223,1175.0
8,223,1175.0
8,224,1185.0
8,224,1185.0
8,225,1194.0
8,225,1194.0
8,226,1202.0
8,226,1202.0
8,227,1210.0
8,227,1210.0
8,228,1220.0
8,228,1220.0
8,229,1229.0
8,229,1229.0
8,230,1235.0
8,230,1235.0
8,231,1244.0
8,231,1244.0
8,232,1252.0
8,232,1252.0
8,233,1262.0
8,233,1262.0
8,234,1269.0
8,234,1269.0
8,235,1277.0
8,235,1277.0
8,236,1284.0
8,236,1284.0
8,237,1292.0
8,237,1292.0
8,238,1301.0
8,238,1301.0
8,239,1305.0
8,239,1305.0
8,240,1307.0
8,240,1307.0
